{
  "music.end": {
    "sounds": [
      {
        "name": "music/game/end/ki",
        "stream": true,
        "volume": 0.7
      },
      {
        "name": "music/game/end/intro",
        "stream": true,
        "volume": 0.7
      }
    ]
  },
  "music.game": {
    "replace": true,
    "sounds": [
      {
        "name": "music/game/minecraft",
        "stream": true
      },
      {
        "name": "music/game/clark",
        "stream": true
      },
      {
        "name": "music/game/sweden",
        "stream": true
      },
      {
        "name": "music/game/subwoofer_lullaby",
        "stream": true
      },
      {
        "name": "music/game/living_mice",
        "stream": true
      },
      {
        "name": "music/game/haggstrom",
        "stream": true
      },
      {
        "name": "music/game/danny",
        "stream": true
      },
      {
        "name": "music/game/hal5",
        "stream": true,
        "volume": 0.7
      },
      {
        "name": "music/game/key",
        "stream": true
      },
      {
        "name": "music/game/oxygene",
        "stream": true
      },
      {
        "name": "music/game/nuance3",
        "stream": true,
        "volume": 0.6
      },
      {
        "name": "music/game/nuance4",
        "stream": true,
        "volume": 0.6
      },
      {
        "name": "music/game/dry_hands",
        "stream": true
      },
      {
        "name": "music/game/wet_hands",
        "stream": true
      },
      {
        "name": "music/game/mice_on_venus",
        "stream": true
      },
      {
        "name": "music/game/piano4",
        "stream": true,
        "volume": 0.6
      }
    ]
  },
  "music.menu": {
    "replace": true,
    "sounds": [
      {
        "name": "music/menu/mutation",
        "stream": true
      },
      {
        "name": "music/menu/moog_city_2",
        "stream": true
      },
      {
        "name": "music/menu/beginning_2",
        "stream": true
      },
      {
        "name": "music/menu/floating_trees",
        "stream": true
      },
      {
        "name": "music/menu/menu5",
        "stream": true,
        "volume": 0.6
      },
      {
        "name": "music/menu/menu6",
        "stream": true,
        "volume": 0.7
      }
    ]
  },
  "music.nether.basalt_deltas": {
    "replace": true,
    "sounds": [
      {
        "name": "music.nether.warped_forest",
        "type": "event"
      },
      {
        "name": "music/game/nether/soulsand_valley/so_below",
        "stream": true,
        "volume": 0.6,
        "weight": 2
      }
    ]
  },
  "music.nether.crimson_forest": {
    "replace": true,
    "sounds": [
      {
        "name": "music.nether.warped_forest",
        "type": "event"
      },
      {
        "name": "music/game/nether/crimson_forest/chrysopoeia",
        "stream": true,
        "volume": 0.65,
        "weight": 2
      }
    ]
  },
  "music.nether.nether_wastes": {
    "replace": true,
    "sounds": [
      {
        "name": "music.nether.warped_forest",
        "type": "event"
      },
      {
        "name": "music/game/nether/nether_wastes/rubedo",
        "stream": true,
        "volume": 0.5,
        "weight": 2
      }
    ]
  },
  "music.nether.soul_sand_valley": {
    "replace": true,
    "sounds": [
      {
        "name": "music.nether.warped_forest",
        "type": "event"
      },
      {
        "name": "music/game/nether/soulsand_valley/so_below",
        "stream": true,
        "volume": 0.6,
        "weight": 2
      }
    ]
  },
  "music.nether.warped_forest": {
    "sounds": [
      {
        "name": "music/game/nether/concrete_halls",
        "stream": true
      },
      {
        "name": "music/game/nether/dead_voxel",
        "stream": true
      },
      {
        "name": "music/game/nether/warmth",
        "stream": true
      },
      {
        "name": "music/game/nether/ballad_of_the_cats",
        "stream": true
      },
      {
        "name": "music/game/nether/nether5",
        "stream": true,
        "volume": 0.75
      },
      {
        "name": "music/game/nether/nether6",
        "stream": true,
        "volume": 0.75
      }
    ]
  },
  "music.overworld.badlands": {
    "replace": true,
    "sounds": [
      {
        "name": "music.game",
        "type": "event"
      }
    ]
  },
  "music.overworld.bamboo_jungle": {
    "replace": true,
    "sounds": [
      {
        "name": "music.game",
        "type": "event"
      }
    ]
  },
  "music.overworld.cherry_grove": {
    "replace": true,
    "sounds": [
      {
        "name": "music.game",
        "type": "event"
      }
    ]
  },
  "music.overworld.desert": {
    "replace": true,
    "sounds": [
      {
        "name": "music.game",
        "type": "event"
      }
    ]
  },
  "music.overworld.dripstone_caves": {
    "replace": true,
    "sounds": [
      {
        "name": "music.game",
        "type": "event"
      }
    ]
  },
  "music.overworld.flower_forest": {
    "replace": true,
    "sounds": [
      {
        "name": "music.game",
        "type": "event"
      }
    ]
  },
  "music.overworld.forest": {
    "replace": true,
    "sounds": [
      {
        "name": "music.game",
        "type": "event"
      }
    ]
  },
  "music.overworld.frozen_peaks": {
    "replace": true,
    "sounds": [
      {
        "name": "music.game",
        "type": "event"
      }
    ]
  },
  "music.overworld.grove": {
    "replace": true,
    "sounds": [
      {
        "name": "music.game",
        "type": "event"
      }
    ]
  },
  "music.overworld.jagged_peaks": {
    "replace": true,
    "sounds": [
      {
        "name": "music.game",
        "type": "event"
      }
    ]
  },
  "music.overworld.jungle": {
    "replace": true,
    "sounds": [
      {
        "name": "music.game",
        "type": "event"
      }
    ]
  },
  "music.overworld.jungle_and_forest": {
    "replace": true,
    "sounds": [
      {
        "name": "music.game",
        "type": "event"
      }
    ]
  },
  "music.overworld.lush_caves": {
    "replace": true,
    "sounds": [
      {
        "name": "music.game",
        "type": "event"
      }
    ]
  },
  "music.overworld.meadow": {
    "replace": true,
    "sounds": [
      {
        "name": "music.game",
        "type": "event"
      },
      {
        "name": "music/game/droopy",
        "stream": true,
        "volume": 0.6,
        "weight": 2
      }
    ]
  },
  "music.overworld.old_growth_taiga": {
    "replace": true,
    "sounds": [
      {
        "name": "music.game",
        "type": "event"
      }
    ]
  },
  "music.overworld.snowy_slopes": {
    "replace": true,
    "sounds": [
      {
        "name": "music.game",
        "type": "event"
      }
    ]
  },
  "music.overworld.sparse_jungle": {
    "replace": true,
    "sounds": [
      {
        "name": "music.game",
        "type": "event"
      }
    ]
  },
  "music.overworld.stony_peaks": {
    "replace": true,
    "sounds": [
      {
        "name": "music.game",
        "type": "event"
      }
    ]
  },
  "music.overworld.swamp": {
    "replace": true,
    "sounds": [
      {
        "name": "music.game",
        "type": "event"
      }
    ]
  }
}
